taxa,worms_id,kingdom,phylum,class,order,family,genus,isMarine,rank,spp
Anoplopoma fimbria,159463,Animalia,Chordata,Actinopteri,Perciformes,Anoplopomatidae,Anoplopoma,1,Species,Anoplopoma fimbria
Aptocyclus ventricosus,254299,Animalia,Chordata,Actinopteri,Perciformes,Cyclopteridae,Aptocyclus,1,Species,Aptocyclus ventricosus
Atheresthes evermanni,279791,Animalia,Chordata,Actinopteri,Pleuronectiformes,Pleuronectidae,Atheresthes,1,Species,Atheresthes evermanni
Atheresthes stomias,279792,Animalia,Chordata,Actinopteri,Pleuronectiformes,Pleuronectidae,Atheresthes,1,Species,Atheresthes stomias
Bathymaster signatus,254513,Animalia,Chordata,Actinopteri,Perciformes,Bathymasteridae,Bathymaster,1,Species,Bathymaster signatus
Bathyraja aleutica,271506,Animalia,Chordata,Elasmobranchii,Rajiformes,Arhynchobatidae,Bathyraja,1,Species,Bathyraja aleutica
Bathyraja maculata,271520,Animalia,Chordata,Elasmobranchii,Rajiformes,Arhynchobatidae,Bathyraja,1,Species,Bathyraja maculata
Bathyraja parmifera,271528,Animalia,Chordata,Elasmobranchii,Rajiformes,Arhynchobatidae,Bathyraja,1,Species,Bathyraja parmifera
Bathyraja taranetzi,298834,Animalia,Chordata,Elasmobranchii,Rajiformes,Arhynchobatidae,Bathyraja,1,Species,Bathyraja taranetzi
Berryteuthis magister,342286,Animalia,Mollusca,Cephalopoda,Oegopsida,Gonatidae,Berryteuthis,1,Species,Berryteuthis magister
Careproctus rastrinus,274464,Animalia,Chordata,Actinopteri,Perciformes,Liparidae,Careproctus,1,Species,Careproctus rastrinus
Chionoecetes bairdi,368558,Animalia,Arthropoda,Malacostraca,Decapoda,Oregoniidae,Chionoecetes,1,Species,Chionoecetes bairdi
Chlamys rubida,254460,Animalia,Mollusca,Bivalvia,Pectinida,Pectinidae,Chlamys,1,Species,Chlamys rubida
Dasycottus setiger,280488,Animalia,Chordata,Actinopteri,Perciformes,Psychrolutidae,Dasycottus,1,Species,Dasycottus setiger
Enteroctopus dofleini,342305,Animalia,Mollusca,Cephalopoda,Octopoda,Enteroctopodidae,Enteroctopus,1,Species,Enteroctopus dofleini
Erimacrus isenbeckii,440405,Animalia,Arthropoda,Malacostraca,Decapoda,Cheiragonidae,Erimacrus,1,Species,Erimacrus isenbeckii
Eumicrotremus orbis,254535,Animalia,Chordata,Actinopteri,Perciformes,Cyclopteridae,Eumicrotremus,1,Species,Eumicrotremus orbis
Fusitriton oregonensis,476496,Animalia,Mollusca,Gastropoda,Littorinimorpha,Cymatiidae,Fusitriton,1,Species,Fusitriton oregonensis
Gadus macrocephalus,254538,Animalia,Chordata,Actinopteri,Gadiformes,Gadidae,Gadus,1,Species,Gadus macrocephalus
Glyptocephalus zachirus,274287,Animalia,Chordata,Actinopteri,Pleuronectiformes,Pleuronectidae,Glyptocephalus,1,Species,Glyptocephalus zachirus
Gorgonocephalus eucnemis,124969,Animalia,Echinodermata,Ophiuroidea,Euryalida,Gorgonocephalidae,Gorgonocephalus,1,Species,Gorgonocephalus eucnemis
Gymnocanthus galeatus,254514,Animalia,Chordata,Actinopteri,Perciformes,Cottidae,Gymnocanthus,1,Species,Gymnocanthus galeatus
Hemilepidotus jordani,254522,Animalia,Chordata,Actinopteri,Perciformes,Cottidae,Hemilepidotus,1,Species,Hemilepidotus jordani
Hemilepidotus zapus,279414,Animalia,Chordata,Actinopteri,Perciformes,Cottidae,Hemilepidotus,1,Species,Hemilepidotus zapus
Hemitripterus bolini,254541,Animalia,Chordata,NA,Scorpaeniformes,Hemitripteridae,Hemitripterus,1,Species,Hemitripterus bolini
Hippoglossoides elassodon,274289,Animalia,Chordata,Actinopteri,Pleuronectiformes,Pleuronectidae,Hippoglossoides,1,Species,Hippoglossoides elassodon
Hippoglossus stenolepis,274290,Animalia,Chordata,Actinopteri,Pleuronectiformes,Pleuronectidae,Hippoglossus,1,Species,Hippoglossus stenolepis
Hyas lyratus,442167,Animalia,Arthropoda,Malacostraca,Decapoda,Oregoniidae,Hyas,1,Species,Hyas lyratus
Lethotremus muticus,254348,Animalia,Chordata,Actinopteri,Perciformes,Cyclopteridae,Lethotremus,1,Species,Lethotremus muticus
Lithodes aequispinus,550622,Animalia,Arthropoda,Malacostraca,Decapoda,Lithodidae,Lithodes,1,Species,Lithodes aequispinus
Malacocottus zonurus,254406,Animalia,Chordata,Actinopteri,Perciformes,Psychrolutidae,Malacocottus,1,Species,Malacocottus zonurus
Microstomus pacificus,274294,Animalia,Chordata,Actinopteri,Pleuronectiformes,Pleuronectidae,Microstomus,1,Species,Microstomus pacificus
Modiolus modiolus,140467,Animalia,Mollusca,Bivalvia,Mytilida,Mytilidae,Modiolus,1,Species,Modiolus modiolus
Myoxocephalus polyacanthocephalus,254528,Animalia,Chordata,Actinopteri,Perciformes,Cottidae,Myoxocephalus,1,Species,Myoxocephalus polyacanthocephalus
Oregonia gracilis,442171,Animalia,Arthropoda,Malacostraca,Decapoda,Oregoniidae,Oregonia,1,Species,Oregonia gracilis
Pagurus aleuticus,366647,Animalia,Arthropoda,Malacostraca,Decapoda,Paguridae,Pagurus,1,Species,Pagurus aleuticus
Pandalus eous,515463,Animalia,Arthropoda,Malacostraca,Decapoda,Pandalidae,Pandalus,1,Species,Pandalus eous
Pandalus tridens,423633,Animalia,Arthropoda,Malacostraca,Decapoda,Pandalidae,Pandalus,1,Species,Pandalus tridens
Pleurogrammus monopterygius,282289,Animalia,Chordata,Actinopteri,Perciformes,Hexagrammidae,Pleurogrammus,1,Species,Pleurogrammus monopterygius
Podothecus accipenserinus,254501,Animalia,Chordata,Actinopteri,Perciformes,Agonidae,Podothecus,1,Species,Podothecus accipenserinus
Reinhardtius hippoglossoides,127144,Animalia,Chordata,Actinopteri,Pleuronectiformes,Pleuronectidae,Reinhardtius,1,Species,Reinhardtius hippoglossoides
Rossia pacifica,346432,Animalia,Mollusca,Cephalopoda,Sepiida,Sepiolidae,Rossia,1,Species,Rossia pacifica
Sarritor frenatus,254374,Animalia,Chordata,Actinopteri,Perciformes,Agonidae,Sarritor,1,Species,Sarritor frenatus
Sebastes alutus,254573,Animalia,Chordata,Actinopteri,Perciformes,Sebastidae,Sebastes,1,Species,Sebastes alutus
Sebastes borealis,274777,Animalia,Chordata,Actinopteri,Perciformes,Sebastidae,Sebastes,1,Species,Sebastes borealis
Sebastes polyspinis,274837,Animalia,Chordata,Actinopteri,Perciformes,Sebastidae,Sebastes,1,Species,Sebastes polyspinis
Sebastolobus alascanus,282740,Animalia,Chordata,Actinopteri,Perciformes,Sebastidae,Sebastolobus,1,Species,Sebastolobus alascanus
Strongylocentrotus droebachiensis,124321,Animalia,Echinodermata,Echinoidea,Camarodonta,Strongylocentrotidae,Strongylocentrotus,1,Species,Strongylocentrotus droebachiensis
Gadus chalcogrammus,300735,Animalia,Chordata,Actinopteri,Gadiformes,Gadidae,Theragra,1,Species,Theragra chalcogramma
Triglops forficatus,254530,Animalia,Chordata,Actinopteri,Perciformes,Cottidae,Triglops,1,Species,Triglops forficatus
Triglops macellus,274399,Animalia,Chordata,Actinopteri,Perciformes,Cottidae,Triglops,1,Species,Triglops macellus
Triglops scepticus,254531,Animalia,Chordata,Actinopteri,Perciformes,Cottidae,Triglops,1,Species,Triglops scepticus
Zaprora silenus,254353,Animalia,Chordata,Actinopteri,Perciformes,Zaproridae,Zaprora,1,Species,Zaprora silenus
Aforia circinata,432904,Animalia,Mollusca,Gastropoda,Neogastropoda,Cochlespiridae,Aforia,1,Species,Aforia circinata
Ammodytes hexapterus,254510,Animalia,Chordata,Actinopteri,Perciformes,Ammodytidae,Ammodytes,1,Species,Ammodytes hexapterus
Argis dentata,107550,Animalia,Arthropoda,Malacostraca,Decapoda,Crangonidae,Argis,1,Species,Argis dentata
Argis lar,254487,Animalia,Arthropoda,Malacostraca,Decapoda,Crangonidae,Argis,1,Species,Argis lar
Artediellus pacificus,254517,Animalia,Chordata,Actinopteri,Perciformes,Cottidae,Artediellus,1,Species,Artediellus pacificus
Asterias amurensis,254497,Animalia,Echinodermata,Asteroidea,Forcipulatida,Asteriidae,Asterias,1,Species,Asterias amurensis
Beringius behringii,160112,Animalia,Mollusca,Gastropoda,Neogastropoda,Buccinidae,Beringius,1,Species,Beringius behringi
Boltenia ovifera,103815,Animalia,Chordata,Ascidiacea,Stolidobranchia,Pyuridae,Boltenia,1,Species,Boltenia ovifera
Buccinum angulosum,138858,Animalia,Mollusca,Gastropoda,Neogastropoda,Buccinidae,Buccinum,1,Species,Buccinum angulosum
Buccinum plectrum,160127,Animalia,Mollusca,Gastropoda,Neogastropoda,Buccinidae,Buccinum,1,Species,Buccinum plectrum
Buccinum polare,138873,Animalia,Mollusca,Gastropoda,Neogastropoda,Buccinidae,Buccinum,1,Species,Buccinum polare
Buccinum scalariforme,138875,Animalia,Mollusca,Gastropoda,Neogastropoda,Buccinidae,Buccinum,1,Species,Buccinum scalariforme
Chionoecetes opilio,107315,Animalia,Arthropoda,Malacostraca,Decapoda,Oregoniidae,Chionoecetes,1,Species,Chionoecetes opilio
Chrysaora melanaster,287209,Animalia,Cnidaria,Scyphozoa,Semaeostomeae,Pelagiidae,Chrysaora,1,Species,Chrysaora melanaster
Ciliatocardium ciliatum,139000,Animalia,Mollusca,Bivalvia,Cardiida,Cardiidae,Ciliatocardium,1,Species,Ciliatocardium ciliatum
Clinopegma magnum,490909,Animalia,Mollusca,Gastropoda,Neogastropoda,Buccinidae,Clinopegma,1,Species,Clinopegma magnum
Clupea pallasii pallasii,293568,Animalia,Chordata,Actinopteri,Clupeiformes,Clupeidae,Clupea,1,Subspecies,Clupea pallasii pallasii
Crangon dalli,254486,Animalia,Arthropoda,Malacostraca,Decapoda,Crangonidae,Crangon,1,Species,Crangon dalli
Crossaster papposus,124154,Animalia,Echinodermata,Asteroidea,Valvatida,Solasteridae,Crossaster,1,Species,Crossaster papposus
Cucumaria fallax,528995,Animalia,Echinodermata,Holothuroidea,Dendrochirotida,Cucumariidae,Cucumaria,1,Species,Cucumaria fallax
Cyanea capillata,135301,Animalia,Cnidaria,Scyphozoa,Semaeostomeae,Cyaneidae,Cyanea,1,Species,Cyanea capillata
Echinarachnius parma,158062,Animalia,Echinodermata,Echinoidea,Echinolampadacea,Echinarachniidae,Echinarachnius,1,Species,Echinarachnius parma
Eleginus gracilis,254537,Animalia,Chordata,Actinopteri,Gadiformes,Gadidae,Eleginus,1,Species,Eleginus gracilis
Eunoe depressa,254455,Animalia,Annelida,Polychaeta,Phyllodocida,Polynoidae,Eunoe,1,Species,Eunoe depressa
Eunoe nodosa,130745,Animalia,Annelida,Polychaeta,Phyllodocida,Polynoidae,Eunoe,1,Species,Eunoe nodosa
Euspira pallida,140536,Animalia,Mollusca,Gastropoda,Littorinimorpha,Naticidae,Euspira,1,Species,Euspira pallida
Evasterias echinosoma,254498,Animalia,Echinodermata,Asteroidea,Forcipulatida,Asteriidae,Evasterias,1,Species,Evasterias echinosoma
Gersemia rubiformis,156103,Animalia,Cnidaria,Anthozoa,Alcyonacea,Nephtheidae,Gersemia,1,Species,Gersemia rubiformis
Glebocarcinus oregonensis,440384,Animalia,Arthropoda,Malacostraca,Decapoda,Cancridae,Glebocarcinus,1,Species,Glebocarcinus oregonensis
Grandicrepidula grandis,571646,Animalia,Mollusca,Gastropoda,Littorinimorpha,Calyptraeidae,Grandicrepidula,1,Species,Grandicrepidula grandis
Halichondria (Halichondria) panicea,165853,Animalia,Porifera,Demospongiae,Suberitida,Halichondriidae,Halichondria,1,Species,Halichondria panicea
Halocynthia aurantium,250674,Animalia,Chordata,Ascidiacea,Stolidobranchia,Pyuridae,Halocynthia,1,Species,Halocynthia aurantium
Hexagrammos stelleri,254545,Animalia,Chordata,Actinopteri,Perciformes,Hexagrammidae,Hexagrammos,1,Species,Hexagrammos stelleri
Hiatella arctica,140103,Animalia,Mollusca,Bivalvia,Adapedonta,Hiatellidae,Hiatella,1,Species,Hiatella arctica
Hippoglossoides robustus,254561,Animalia,Chordata,Actinopteri,Pleuronectiformes,Pleuronectidae,Hippoglossoides,1,Species,Hippoglossoides robustus
Hyas coarctatus,107323,Animalia,Arthropoda,Malacostraca,Decapoda,Oregoniidae,Hyas,1,Species,Hyas coarctatus
Icelus spatula,127200,Animalia,Chordata,Actinopteri,Perciformes,Cottidae,Icelus,1,Species,Icelus spatula
Icelus spiniger,254525,Animalia,Chordata,Actinopteri,Perciformes,Cottidae,Icelus,1,Species,Icelus spiniger
Leptasterias arctica,369158,Animalia,Echinodermata,Asteroidea,Forcipulatida,Asteriidae,Leptasterias,1,Species,Leptasterias arctica
Leptasterias groenlandica,369176,Animalia,Echinodermata,Asteroidea,Forcipulatida,Asteriidae,Leptasterias,1,Species,Leptasterias groenlandica
Leptasterias (Hexasterias) polaris,125154,Animalia,Echinodermata,Asteroidea,Forcipulatida,Asteriidae,Leptasterias,1,Species,Leptasterias polaris
Leptoclinus maculatus,127072,Animalia,Chordata,Actinopteri,Perciformes,Stichaeidae,Leptoclinus,1,Species,Leptoclinus maculatus
Lethasterias nanimensis,254499,Animalia,Echinodermata,Asteroidea,Forcipulatida,Asteriidae,Lethasterias,1,Species,Lethasterias nanimensis
Limanda aspera,254562,Animalia,Chordata,Actinopteri,Pleuronectiformes,Pleuronectidae,Limanda,1,Species,Limanda aspera
Limanda proboscidea,254563,Animalia,Chordata,Actinopteri,Pleuronectiformes,Pleuronectidae,Limanda,1,Species,Limanda proboscidea
Limanda sakhalinensis,274292,Animalia,Chordata,Actinopteri,Pleuronectiformes,Pleuronectidae,Limanda,1,Species,Limanda sakhalinensis
Liparis gibbus,159526,Animalia,Chordata,Actinopteri,Perciformes,Liparidae,Liparis,1,Species,Liparis gibbus
Liponema brevicorne,593074,Animalia,Cnidaria,Anthozoa,Actiniaria,Liponematidae,Liponema,1,Species,Liponema brevicorne
Lycodes brevipes,254595,Animalia,Chordata,Actinopteri,Perciformes,Zoarcidae,Lycodes,1,Species,Lycodes brevipes
Lycodes palearis,254585,Animalia,Chordata,Actinopteri,Perciformes,Zoarcidae,Lycodes,1,Species,Lycodes palearis
Lycodes raridens,254598,Animalia,Chordata,Actinopteri,Perciformes,Zoarcidae,Lycodes,1,Species,Lycodes raridens
Mactromeris polynyma,156863,Animalia,Mollusca,Bivalvia,Venerida,Mactridae,Mactromeris,1,Species,Mactromeris polynyma
Mallotus villosus,126735,Animalia,Chordata,Actinopteri,Osmeriformes,Osmeridae,Mallotus,1,Species,Mallotus villosus
Metridium farcimen,283704,Animalia,Cnidaria,Anthozoa,Actiniaria,Metridiidae,Metridium,1,Species,Metridium farcimen
Musculus discors,140472,Animalia,Mollusca,Bivalvia,Mytilida,Mytilidae,Musculus,1,Species,Musculus discors
Neocrangon communis,423552,Animalia,Arthropoda,Malacostraca,Decapoda,Crangonidae,Neocrangon,1,Species,Neocrangon communis
Neptunea borealis,254478,Animalia,Mollusca,Gastropoda,Neogastropoda,Buccinidae,Neptunea,1,Species,Neptunea borealis
Neptunea heros,254479,Animalia,Mollusca,Gastropoda,Neogastropoda,Buccinidae,Neptunea,1,Species,Neptunea heros
Neptunea lyrata,254477,Animalia,Mollusca,Gastropoda,Neogastropoda,Buccinidae,Neptunea,1,Species,Neptunea lyrata
Neptunea pribiloffensis,491185,Animalia,Mollusca,Gastropoda,Neogastropoda,Buccinidae,Neptunea,1,Species,Neptunea pribiloffensis
Neptunea ventricosa,156264,Animalia,Mollusca,Gastropoda,Neogastropoda,Buccinidae,Neptunea,1,Species,Neptunea ventricosa
Occella dodecaedron,254398,Animalia,Chordata,Actinopteri,Perciformes,Agonidae,Occella,1,Species,Occella dodecaedron
Ophiura sarsii,124934,Animalia,Echinodermata,Ophiuroidea,Ophiurida,Ophiuridae,Ophiura,1,Species,Ophiura sarsii
Pandalus goniurus,254483,Animalia,Arthropoda,Malacostraca,Decapoda,Pandalidae,Pandalus,1,Species,Pandalus goniurus
Paralithodes camtschaticus,233889,Animalia,Arthropoda,Malacostraca,Decapoda,Lithodidae,Paralithodes,1,Species,Paralithodes camtschaticus
Paralithodes platypus,254493,Animalia,Arthropoda,Malacostraca,Decapoda,Lithodidae,Paralithodes,1,Species,Paralithodes platypus
Patinopecten caurinus,393720,Animalia,Mollusca,Bivalvia,Pectinida,Pectinidae,Patinopecten,1,Species,Patinopecten caurinus
Platichthys stellatus,154781,Animalia,Chordata,Actinopteri,Pleuronectiformes,Pleuronectidae,Platichthys,1,Species,Platichthys stellatus
Pleuronectes quadrituberculatus,254564,Animalia,Chordata,Actinopteri,Pleuronectiformes,Pleuronectidae,Pleuronectes,1,Species,Pleuronectes quadrituberculatus
Plicifusus kroyeri,491269,Animalia,Mollusca,Gastropoda,Neogastropoda,Buccinidae,Plicifusus,1,Species,Plicifusus kroeyeri
Pteraster obscurus,124149,Animalia,Echinodermata,Asteroidea,Velatida,Pterasteridae,Pteraster,1,Species,Pteraster obscurus
Pyrulofusus deformis,254378,Animalia,Mollusca,Gastropoda,Neogastropoda,Buccinidae,Pyrulofusus,1,Species,Pyrulofusus deformis
Pyrulofusus melonis,491325,Animalia,Mollusca,Gastropoda,Neogastropoda,Buccinidae,Pyrulofusus,1,Species,Pyrulofusus melonis
Rhamphostomella costata,111140,Animalia,Bryozoa,Gymnolaemata,Cheilostomatida,Umbonulidae,Rhamphostomella,1,Species,Rhamphostomella costata
Serratiflustra serrulata,465722,Animalia,Bryozoa,Gymnolaemata,Cheilostomatida,Flustridae,Serratiflustra,1,Species,Serratiflustra serrulata
Serripes groenlandicus,582749,Animalia,Mollusca,Bivalvia,Cardiida,Cardiidae,Serripes,1,Species,Serripes groenlandicus
Siliqua alta,413689,Animalia,Mollusca,Bivalvia,Adapedonta,Pharidae,Siliqua,1,Species,Siliqua alta
Stomphia coccinea,100854,Animalia,Cnidaria,Anthozoa,Actiniaria,Actinostolidae,Stomphia,1,Species,Stomphia coccinea
Styela rustica,103937,Animalia,Chordata,Ascidiacea,Stolidobranchia,Styelidae,Styela,1,Species,Styela rustica
Megangulus luteus,423511,Animalia,Mollusca,Bivalvia,Cardiida,Tellinidae,Tellina,1,Species,Tellina lutea
Telmessus cheiragonus,254360,Animalia,Arthropoda,Malacostraca,Decapoda,Cheiragonidae,Telmessus,1,Species,Telmessus cheiragonus
Thaleichthys pacificus,282959,Animalia,Chordata,Actinopteri,Osmeriformes,Osmeridae,Thaleichthys,1,Species,Thaleichthys pacificus
Trichodon trichodon,283043,Animalia,Chordata,Actinopteri,Perciformes,Trichodontidae,Trichodon,1,Species,Trichodon trichodon
Triglops pingelii,127207,Animalia,Chordata,Actinopteri,Perciformes,Cottidae,Triglops,1,Species,Triglops pingelii
Tritonia tetraquetra,851422,Animalia,Mollusca,Gastropoda,Nudibranchia,Tritoniidae,Tritonia,1,Species,Tritonia diomedea
Urticina crassicornis,100832,Animalia,Cnidaria,Anthozoa,Actiniaria,Actiniidae,Urticina,1,Species,Urticina crassicornis
Volutopsius fragilis,491385,Animalia,Mollusca,Gastropoda,Neogastropoda,Buccinidae,Volutopsius,1,Species,Volutopsius fragilis
Volutopsius middendorffi,491386,Animalia,Mollusca,Gastropoda,Neogastropoda,Buccinidae,Volutopsius,1,Species,Volutopsius middendorffii
Achelous spinicarpus,557889,Animalia,Arthropoda,Malacostraca,Decapoda,Portunidae,Achelous,1,Species,Achelous spinicarpus
Achelous spinimanus,456069,Animalia,Arthropoda,Malacostraca,Decapoda,Portunidae,Achelous,1,Species,Achelous spinimanus
Amusium papyraceum,766475,Animalia,Mollusca,Bivalvia,Pectinida,Pectinidae,Amusium,1,Species,Amusium papyraceum
Anadara secernenda,504326,Animalia,Mollusca,Bivalvia,Arcida,Arcidae,Anadara,1,Species,Anadara baughmani
Anasimus latus,421959,Animalia,Arthropoda,Malacostraca,Decapoda,Inachoididae,Anasimus,1,Species,Anasimus latus
Anchoa hepsetus,158698,Animalia,Chordata,Actinopteri,Clupeiformes,Engraulidae,Anchoa,1,Species,Anchoa hepsetus
Anchoa lyolepis,275524,Animalia,Chordata,Actinopteri,Clupeiformes,Engraulidae,Anchoa,1,Species,Anchoa lyolepis
Anchoa mitchilli,158699,Animalia,Chordata,Actinopteri,Clupeiformes,Engraulidae,Anchoa,1,Species,Anchoa mitchilli
Anchoviella perfasciata,158701,Animalia,Chordata,Actinopteri,Clupeiformes,Engraulidae,Anchoviella,1,Species,Anchoviella perfasciata
Ancylopsetta dilecta,276008,Animalia,Chordata,Actinopteri,Pleuronectiformes,Paralichthyidae,Ancylopsetta,1,Species,Ancylopsetta dilecta
Ancylopsetta ommata,159273,Animalia,Chordata,Actinopteri,Pleuronectiformes,Paralichthyidae,Ancylopsetta,1,Species,Ancylopsetta ommata
Arenaeus cribrarius,158046,Animalia,Arthropoda,Malacostraca,Decapoda,Portunidae,Arenaeus,1,Species,Arenaeus cribrarius
Ariopsis felis,158709,Animalia,Chordata,Actinopteri,Siluriformes,Ariidae,Ariopsis,1,Species,Ariopsis felis
Balistes capriscus,154721,Animalia,Chordata,Actinopteri,Tetraodontiformes,Balistidae,Balistes,1,Species,Balistes capriscus
Bellator militaris,159568,Animalia,Chordata,Actinopteri,Perciformes,Triglidae,Bellator,1,Species,Bellator militaris
Bollmannia communis,279929,Animalia,Chordata,Actinopteri,Gobiiformes,Gobiidae,Bollmannia,1,Species,Bollmannia communis
Bregmaceros atlanticus,126431,Animalia,Chordata,Actinopteri,Gadiformes,Bregmacerotidae,Bregmaceros,1,Species,Bregmaceros atlanticus
Brevoortia patronus,275500,Animalia,Chordata,Actinopteri,Clupeiformes,Clupeidae,Brevoortia,1,Species,Brevoortia patronus
Brotula barbata,159067,Animalia,Chordata,Actinopteri,Ophidiiformes,Ophidiidae,Brotula,1,Species,Brotula barbata
Calappa sulcata,394994,Animalia,Arthropoda,Malacostraca,Decapoda,Calappidae,Calappa,1,Species,Calappa sulcata
Callinectes sapidus,107379,Animalia,Arthropoda,Malacostraca,Decapoda,Portunidae,Callinectes,1,Species,Callinectes sapidus
Callinectes similis,158055,Animalia,Arthropoda,Malacostraca,Decapoda,Portunidae,Callinectes,1,Species,Callinectes similis
Caranx crysos,126802,Animalia,Chordata,Actinopteri,Carangiformes,Carangidae,Caranx,1,Species,Caranx crysos
Caulolatilus intermedius,276216,Animalia,Chordata,Actinopteri,Eupercaria incertae sedis,Malacanthidae,Caulolatilus,1,Species,Caulolatilus intermedius
Centropristis philadelphica,159347,Animalia,Chordata,Actinopteri,Perciformes,Serranidae,Centropristis,1,Species,Centropristis philadelphica
Chaetodipterus faber,159703,Animalia,Chordata,Actinopteri,Acanthuriformes,Ephippidae,Chaetodipterus,1,Species,Chaetodipterus faber
Chloroscombrus chrysurus,159483,Animalia,Chordata,Actinopteri,Carangiformes,Carangidae,Chloroscombrus,1,Species,Chloroscombrus chrysurus
Chrysaora quinquecirrha,220476,Animalia,Cnidaria,Scyphozoa,Semaeostomeae,Pelagiidae,Chrysaora,1,Species,Chrysaora quinquecirrha
Citharichthys macrops,159165,Animalia,Chordata,Actinopteri,Pleuronectiformes,Paralichthyidae,Citharichthys,1,Species,Citharichthys macrops
Citharichthys spilopterus,159166,Animalia,Chordata,Actinopteri,Pleuronectiformes,Paralichthyidae,Citharichthys,1,Species,Citharichthys spilopterus
Cyclopsetta chittendeni,275700,Animalia,Chordata,Actinopteri,Pleuronectiformes,Paralichthyidae,Cyclopsetta,1,Species,Cyclopsetta chittendeni
Cynoscion arenarius,276077,Animalia,Chordata,Actinopteri,Eupercaria incertae sedis,Sciaenidae,Cynoscion,1,Species,Cynoscion arenarius
Cynoscion nothus,159305,Animalia,Chordata,Actinopteri,Eupercaria incertae sedis,Sciaenidae,Cynoscion,1,Species,Cynoscion nothus
Decapterus punctatus,126808,Animalia,Chordata,Actinopteri,Carangiformes,Carangidae,Decapterus,1,Species,Decapterus punctatus
Diplectrum bivittatum,276176,Animalia,Chordata,Actinopteri,Perciformes,Serranidae,Diplectrum,1,Species,Diplectrum bivittatum
Diplectrum formosum,159350,Animalia,Chordata,Actinopteri,Perciformes,Serranidae,Diplectrum,1,Species,Diplectrum formosum
Doryteuthis pleii,574543,Animalia,Mollusca,Cephalopoda,Myopsida,Loliginidae,Doryteuthis,1,Species,Doryteuthis pleii
Engraulis eurystole,158702,Animalia,Chordata,Actinopteri,Clupeiformes,Engraulidae,Engraulis,1,Species,Engraulis eurystole
Engyophrys senta,159356,Animalia,Chordata,Actinopteri,Pleuronectiformes,Bothidae,Engyophrys,1,Species,Engyophrys senta
Etropus crossotus,158799,Animalia,Chordata,Actinopteri,Pleuronectiformes,Paralichthyidae,Etropus,1,Species,Etropus crossotus
Etropus microstomus,158801,Animalia,Chordata,Actinopteri,Pleuronectiformes,Paralichthyidae,Etropus,1,Species,Etropus microstomus
Etrumeus,158692,Animalia,Chordata,Actinopteri,Clupeiformes,Dussumieriidae,Etrumeus,1,Genus,Etrumeus teres(sadina)
Eucinostomus gula,159733,Animalia,Chordata,Actinopteri,Eupercaria incertae sedis,Gerreidae,Eucinostomus,1,Species,Eucinostomus gula
Penaeus aztecus,395176,Animalia,Arthropoda,Malacostraca,Decapoda,Penaeidae,Farfantepenaeus,1,Species,Farfantepenaeus aztecus
Penaeus duorarum,246391,Animalia,Arthropoda,Malacostraca,Decapoda,Penaeidae,Farfantepenaeus,1,Species,Farfantepenaeus duorarum
Fowlerichthys radiosus,712508,Animalia,Chordata,Actinopteri,Lophiiformes,Antennariidae,Fowlerichthys,1,Species,Fowlerichthys radiosus
Gymnachirus texae,275996,Animalia,Chordata,Actinopteri,Pleuronectiformes,Achiridae,Gymnachirus,1,Species,Gymnachirus texae
Haemulon aurolineatum,158807,Animalia,Chordata,Actinopteri,Eupercaria incertae sedis,Haemulidae,Haemulon,1,Species,Haemulon aurolineatum
Halieutichthys aculeatus,159190,Animalia,Chordata,Actinopteri,Lophiiformes,Ogcocephalidae,Halieutichthys,1,Species,Halieutichthys aculeatus
Harengula jaguana,277551,Animalia,Chordata,Actinopteri,Clupeiformes,Clupeidae,Harengula,1,Species,Harengula jaguana
Hepatus epheliticus,158420,Animalia,Arthropoda,Malacostraca,Decapoda,Aethridae,Hepatus,1,Species,Hepatus epheliticus
Hoplunnis macrura,275444,Animalia,Chordata,Actinopteri,Anguilliformes,Nettastomatidae,Hoplunnis,1,Species,Hoplunnis macrurus
Kathetostoma albigutta,159255,Animalia,Chordata,Actinopteri,Perciformes,Uranoscopidae,Kathetostoma,1,Species,Kathetostoma albigutta
Lagocephalus laevigatus,158933,Animalia,Chordata,Actinopteri,Tetraodontiformes,Tetraodontidae,Lagocephalus,1,Species,Lagocephalus laevigatus
Lagodon rhomboides,159249,Animalia,Chordata,Actinopteri,Eupercaria incertae sedis,Sparidae,Lagodon,1,Species,Lagodon rhomboides
Larimus fasciatus,159320,Animalia,Chordata,Actinopteri,Eupercaria incertae sedis,Sciaenidae,Larimus,1,Species,Larimus fasciatus
Leiostomus xanthurus,159322,Animalia,Chordata,Actinopteri,Eupercaria incertae sedis,Sciaenidae,Leiostomus,1,Species,Leiostomus xanthurus
Lepophidium brevibarbe,275619,Animalia,Chordata,Actinopteri,Ophidiiformes,Ophidiidae,Lepophidium,1,Species,Lepophidium brevibarbe
Lepophidium jeannae,159138,Animalia,Chordata,Actinopteri,Ophidiiformes,Ophidiidae,Lepophidium,1,Species,Lepophidium jeannae
Libinia dubia,107335,Animalia,Arthropoda,Malacostraca,Decapoda,Epialtidae,Libinia,1,Species,Libinia dubia
Libinia emarginata,158426,Animalia,Arthropoda,Malacostraca,Decapoda,Epialtidae,Libinia,1,Species,Libinia emarginata
Penaeus setiferus,762818,Animalia,Arthropoda,Malacostraca,Decapoda,Penaeidae,Litopenaeus,1,Species,Litopenaeus setiferus
Doryteuthis pealeii,574541,Animalia,Mollusca,Cephalopoda,Myopsida,Loliginidae,Loligo,1,Species,Loligo pealeii
Lolliguncula brevis,157028,Animalia,Mollusca,Cephalopoda,Myopsida,Loliginidae,Lolliguncula,1,Species,Lolliguncula brevis
Lutjanus campechanus,159795,Animalia,Chordata,Actinopteri,Eupercaria incertae sedis,Lutjanidae,Lutjanus,1,Species,Lutjanus campechanus
Lutjanus synagris,159800,Animalia,Chordata,Actinopteri,Eupercaria incertae sedis,Lutjanidae,Lutjanus,1,Species,Lutjanus synagris
Menticirrhus americanus,159326,Animalia,Chordata,Actinopteri,Eupercaria incertae sedis,Sciaenidae,Menticirrhus,1,Species,Menticirrhus americanus
Micropogonias undulatus,151158,Animalia,Chordata,Actinopteri,Eupercaria incertae sedis,Sciaenidae,Micropogonias,1,Species,Micropogonias undulatus
Mullus auratus,159418,Animalia,Chordata,Actinopteri,Mulliformes,Mullidae,Mullus,1,Species,Mullus auratus
Mustelus canis,158518,Animalia,Chordata,Elasmobranchii,Carcharhiniformes,Triakidae,Mustelus,1,Species,Mustelus canis
Neobythites gilli,276615,Animalia,Chordata,Actinopteri,Ophidiiformes,Ophidiidae,Neobythites,1,Species,Neobythites gilli
Neomerinthe hemingwayi,159554,Animalia,Chordata,Actinopteri,Perciformes,Scorpaenidae,Neomerinthe,1,Species,Neomerinthe hemingwayi
Ophidion holbrookii,272824,Animalia,Chordata,Actinopteri,Ophidiiformes,Ophidiidae,Ophidion,1,Species,Ophidion holbrookii
Ophidion welshi,158769,Animalia,Chordata,Actinopteri,Ophidiiformes,Ophidiidae,Ophidion,1,Species,Ophidion welshi
Opisthonema oglinum,158695,Animalia,Chordata,Actinopteri,Clupeiformes,Clupeidae,Opisthonema,1,Species,Opisthonema oglinum
Orthopristis chrysoptera,158810,Animalia,Chordata,Actinopteri,Eupercaria incertae sedis,Haemulidae,Orthopristis,1,Species,Orthopristis chrysoptera
Ovalipes floridanus,422042,Animalia,Arthropoda,Malacostraca,Decapoda,Ovalipidae,Ovalipes,1,Species,Ovalipes floridaus
Ovalipes stephensoni,158435,Animalia,Arthropoda,Malacostraca,Decapoda,Ovalipidae,Ovalipes,1,Species,Ovalipes stephensoni
Paralichthys lethostigma,158829,Animalia,Chordata,Actinopteri,Pleuronectiformes,Paralichthyidae,Paralichthys,1,Species,Paralichthys lethostigma
Parapenaeus politus,377562,Animalia,Arthropoda,Malacostraca,Decapoda,Penaeidae,Parapenaeus,1,Species,Parapenaeus politus
Pareques umbrosus,282143,Animalia,Chordata,Actinopteri,Eupercaria incertae sedis,Sciaenidae,Pareques,1,Species,Pareques umbrosus
Parthenopoides massena,442300,Animalia,Arthropoda,Malacostraca,Decapoda,Parthenopidae,Parthenopoides,1,Species,Parthenopoides massena
Peprilus burti,276560,Animalia,Chordata,Actinopteri,Perciformes,Stromateidae,Peprilus,1,Species,Peprilus burti
Peprilus paru,159827,Animalia,Chordata,Actinopteri,Perciformes,Stromateidae,Peprilus,1,Species,Peprilus paru
Peristedion gracile,159548,Animalia,Chordata,Actinopteri,Perciformes,Peristediidae,Peristedion,1,Species,Peristedion gracile
Polydactylus octonemus,159852,Animalia,Chordata,Actinopteri,Carangaria incertae sedis,Polynemidae,Polydactylus,1,Species,Polydactylus octoemus
Pontinus longispinis,159555,Animalia,Chordata,Actinopteri,Perciformes,Scorpaenidae,Pontinus,1,Species,Pontinus longispinis
Porichthys plectrodon,158784,Animalia,Chordata,Actinopteri,Batrachoidiformes,Batrachoididae,Porichthys,1,Species,Porichthys plectrodon
Achelous gibbesii,557883,Animalia,Arthropoda,Malacostraca,Decapoda,Portunidae,Portunus,1,Species,Portunus gibbesii
Priacanthus arenatus,127005,Animalia,Chordata,Actinopteri,Eupercaria incertae sedis,Priacanthidae,Priacanthus,1,Species,Priacanthus arenatus
Prionotus longispinosus,276282,Animalia,Chordata,Actinopteri,Perciformes,Triglidae,Prionotus,1,Species,Prionotus longispinosus
Prionotus ophryas,159573,Animalia,Chordata,Actinopteri,Perciformes,Triglidae,Prionotus,1,Species,Prionotus ophryas
Prionotus roseus,159574,Animalia,Chordata,Actinopteri,Perciformes,Triglidae,Prionotus,1,Species,Prionotus roseus
Prionotus rubio,276289,Animalia,Chordata,Actinopteri,Perciformes,Triglidae,Prionotus,1,Species,Prionotus rubio
Prionotus scitulus,159575,Animalia,Chordata,Actinopteri,Perciformes,Triglidae,Prionotus,1,Species,Prionotus scitulus
Prionotus stearnsi,159576,Animalia,Chordata,Actinopteri,Perciformes,Triglidae,Prionotus,1,Species,Prionotus stearnsi
Prionotus tribulus,159577,Animalia,Chordata,Actinopteri,Perciformes,Triglidae,Prionotus,1,Species,Prionotus tribulus
Pristipomoides aquilonaris,159805,Animalia,Chordata,Actinopteri,Eupercaria incertae sedis,Lutjanidae,Pristipomoides,1,Species,Pristipomoides aquilonaris
Raja texana,271584,Animalia,Chordata,Elasmobranchii,Rajiformes,Rajidae,Raja,1,Species,Raja texana
Rhizoprionodon terraenovae,158510,Animalia,Chordata,Elasmobranchii,Carcharhiniformes,Carcharhinidae,Rhizoprionodon,1,Species,Rhizoprionodon terraenovae
Rhomboplites aurorubens,159807,Animalia,Chordata,Actinopteri,Eupercaria incertae sedis,Lutjanidae,Rhomboplites,1,Species,Rhomboplites aurorubens
Rhynchoconger flavus,158571,Animalia,Chordata,Actinopteri,Anguilliformes,Congridae,Rhynchoconger,1,Species,Rhynchoconger flavus
Rimapenaeus constrictus,158340,Animalia,Arthropoda,Malacostraca,Decapoda,Penaeidae,Rimapenaeus,1,Species,Rimapenaeus constrictus
Rimapenaeus similis,377580,Animalia,Arthropoda,Malacostraca,Decapoda,Penaeidae,Rimapenaeus,1,Species,Rimapenaeus similis
Sardinella aurita,126422,Animalia,Chordata,Actinopteri,Clupeiformes,Clupeidae,Sardinella,1,Species,Sardinella aurita
Saurida brasiliensis,158756,Animalia,Chordata,Actinopteri,Aulopiformes,Synodontidae,Saurida,1,Species,Saurida brasiliensis
Saurida caribbaea,158757,Animalia,Chordata,Actinopteri,Aulopiformes,Synodontidae,Saurida,1,Species,Saurida caribbaea
Scomber japonicus,127022,Animalia,Chordata,Actinopteri,Scombriformes,Scombridae,Scomber,1,Species,Scomber japonicus
Scomberomorus cavalla,159340,Animalia,Chordata,Actinopteri,Scombriformes,Scombridae,Scomberomorus,1,Species,Scomberomorus cavalla
Scomberomorus maculatus,159342,Animalia,Chordata,Actinopteri,Scombriformes,Scombridae,Scomberomorus,1,Species,Scomberomorus maculatus
Scorpaena calcarata,159563,Animalia,Chordata,Actinopteri,Perciformes,Scorpaenidae,Scorpaena,1,Species,Scorpaena calcarata
Selar crumenophthalmus,159646,Animalia,Chordata,Actinopteri,Carangiformes,Carangidae,Selar,1,Species,Selar crumenophthalmus
Selene setapinnis,159647,Animalia,Chordata,Actinopteri,Carangiformes,Carangidae,Selene,1,Species,Selene setapinnis
Seriola dumerili,126816,Animalia,Chordata,Actinopteri,Carangiformes,Carangidae,Seriola,1,Species,Seriola dumerili
Serranus atrobranchus,273891,Animalia,Chordata,Actinopteri,Perciformes,Serranidae,Serranus,1,Species,Serranus atrobranchus
Sicyonia brevirostris,158342,Animalia,Arthropoda,Malacostraca,Decapoda,Sicyoniidae,Sicyonia,1,Species,Sicyonia brevirostris
Sicyonia burkenroadi,377625,Animalia,Arthropoda,Malacostraca,Decapoda,Sicyoniidae,Sicyonia,1,Species,Sicyonia burkenroadi
Sicyonia dorsalis,377631,Animalia,Arthropoda,Malacostraca,Decapoda,Sicyoniidae,Sicyonia,1,Species,Sicyonia dorsalis
Solenocera vioscai,377677,Animalia,Arthropoda,Malacostraca,Decapoda,Solenoceridae,Solenocera,1,Species,Soleocera vioscai
Sphoeroides parvus,275282,Animalia,Chordata,Actinopteri,Tetraodontiformes,Tetraodontidae,Sphoeroides,1,Species,Sphoeroides parvus
Sphyraena guachancho,159814,Animalia,Chordata,Actinopteri,Carangaria incertae sedis,Sphyraenidae,Sphyraena,1,Species,Sphyraena guachancho
Squatina dumeril,158525,Animalia,Chordata,Elasmobranchii,Squatiniformes,Squatinidae,Squatina,1,Species,Squatina dumeril
Squilla chydaea,409345,Animalia,Arthropoda,Malacostraca,Stomatopoda,Squillidae,Squilla,1,Species,Squilla chydaea
Squilla empusa,158466,Animalia,Arthropoda,Malacostraca,Stomatopoda,Squillidae,Squilla,1,Species,Squilla empusa
Steindachneria argentea,282877,Animalia,Chordata,Actinopteri,Gadiformes,Merlucciidae,Steindachneria,1,Species,Steindachneria argentea
Stellifer lanceolatus,159337,Animalia,Chordata,Actinopteri,Eupercaria incertae sedis,Sciaenidae,Stellifer,1,Species,Stellifer lanceolatus
Stenotomus caprinus,159810,Animalia,Chordata,Actinopteri,Eupercaria incertae sedis,Sparidae,Stenotomus,1,Species,Stenotomus caprinus
Stephanolepis hispida,307126,Animalia,Chordata,Actinopteri,Tetraodontiformes,Monacanthidae,Stephanolepis,1,Species,Stephanolepis hispidus
Syacium gunteri,275839,Animalia,Chordata,Actinopteri,Pleuronectiformes,Paralichthyidae,Syacium,1,Species,Syacium gunteri
Syacium papillosum,158878,Animalia,Chordata,Actinopteri,Pleuronectiformes,Paralichthyidae,Syacium,1,Species,Syacium papillosum
Symphurus civitatum,305637,Animalia,Chordata,Actinopteri,Pleuronectiformes,Cynoglossidae,Symphurus,1,Species,Symphurus civitatum
Symphurus diomedeanus,159358,Animalia,Chordata,Actinopteri,Pleuronectiformes,Cynoglossidae,Symphurus,1,Species,Symphurus diomedeanus
Symphurus plagiusa,159363,Animalia,Chordata,Actinopteri,Pleuronectiformes,Cynoglossidae,Symphurus,1,Species,Symphurus plagiusa
Synodus foetens,158758,Animalia,Chordata,Actinopteri,Aulopiformes,Synodontidae,Synodus,1,Species,Synodus foetens
Synodus poeyi,158760,Animalia,Chordata,Actinopteri,Aulopiformes,Synodontidae,Synodus,1,Species,Synodus poeyi
Trachurus lathami,159655,Animalia,Chordata,Actinopteri,Carangiformes,Carangidae,Trachurus,1,Species,Trachurus lathami
Trichiurus lepturus,127089,Animalia,Chordata,Actinopteri,Scombriformes,Trichiuridae,Trichiurus,1,Species,Trichiurus lepturus
Trichopsetta ventralis,159217,Animalia,Chordata,Actinopteri,Pleuronectiformes,Bothidae,Trichopsetta,1,Species,Trichopsetta ventralis
Upeneus parvus,159422,Animalia,Chordata,Actinopteri,Mulliformes,Mullidae,Upeneus,1,Species,Upeneus parvus
Urophycis cirrata,272520,Animalia,Chordata,Actinopteri,Gadiformes,Phycidae,Urophycis,1,Species,Urophycis cirrata
Urophycis floridana,158990,Animalia,Chordata,Actinopteri,Gadiformes,Phycidae,Urophycis,1,Species,Urophycis floridana
Albatrossia pectoralis,236135,Animalia,Chordata,Actinopteri,Gadiformes,Macrouridae,Albatrossia,1,Species,Albatrossia pectoralis
Aphrocallistes vastus,171632,Animalia,Porifera,Hexactinellida,Sceptrulophora,Aphrocallistidae,Aphrocallistes,1,Species,Aphrocallistes vastus
Arctomelon stearnsii,384681,Animalia,Mollusca,Gastropoda,Neogastropoda,Volutidae,Arctomelon,1,Species,Arctomelon stearnsii
Bathyraja interrupta,271515,Animalia,Chordata,Elasmobranchii,Rajiformes,Arhynchobatidae,Bathyraja,1,Species,Bathyraja interrupta
Brisaster latifrons,513143,Animalia,Echinodermata,Echinoidea,Spatangoida,Schizasteridae,Brisaster,1,Species,Brisaster latifrons
Ctenodiscus crispatus,123915,Animalia,Echinodermata,Asteroidea,Paxillosida,Ctenodiscidae,Ctenodiscus,1,Species,Ctenodiscus crispatus
Doris odhneri,581817,Animalia,Mollusca,Gastropoda,Nudibranchia,Dorididae,Doris,1,Species,Doris odhneri
Eumicrotremus phrynoides,254536,Animalia,Chordata,Actinopteri,Perciformes,Cyclopteridae,Eumicrotremus,1,Species,Eumicrotremus phrynoides
Hexagrammos decagrammus,240732,Animalia,Chordata,Actinopteri,Perciformes,Hexagrammidae,Hexagrammos,1,Species,Hexagrammos decagrammus
Hippasteria phrygiana,124043,Animalia,Echinodermata,Asteroidea,Valvatida,Goniasteridae,Hippasteria,1,Species,Hippasteria phrygiana
Isopsetta isolepis,281189,Animalia,Chordata,Actinopteri,Pleuronectiformes,Pleuronectidae,Isopsetta,1,Species,Isopsetta isolepis
Labidochirus splendescens,248348,Animalia,Arthropoda,Malacostraca,Decapoda,Paguridae,Labidochirus,1,Species,Labidochirus splendescens
Leuroglossus schmidti,254551,Animalia,Chordata,Actinopteri,Argentiniformes,Bathylagidae,Leuroglossus,1,Species,Leuroglossus schmidti
Lopholithodes foraminatus,378125,Animalia,Arthropoda,Malacostraca,Decapoda,Lithodidae,Lopholithodes,1,Species,Lopholithodes foraminatus
Lumpenella longirostris,254351,Animalia,Chordata,Actinopteri,Perciformes,Stichaeidae,Lumpenella,1,Species,Lumpenella longirostris
Lycodes diapterus,254597,Animalia,Chordata,Actinopteri,Perciformes,Zoarcidae,Lycodes,1,Species,Lycodes diapterus
Lyopsetta exilis,281452,Animalia,Chordata,Actinopteri,Pleuronectiformes,Pleuronectidae,Lyopsetta,1,Species,Lyopsetta exilis
Mesocentrotus franciscanus,591102,Animalia,Echinodermata,Echinoidea,Camarodonta,Strongylocentrotidae,Mesocentrotus,1,Species,Mesocentrotus franciscanus
Microgadus proximus,275873,Animalia,Chordata,Actinopteri,Gadiformes,Gadidae,Microgadus,1,Species,Microgadus proximus
Myoxocephalus jaok,254527,Animalia,Chordata,Actinopteri,Perciformes,Cottidae,Myoxocephalus,1,Species,Myoxocephalus jaok
Oncorhynchus keta,127183,Animalia,Chordata,Actinopteri,Salmoniformes,Salmonidae,Oncorhynchus,1,Species,Oncorhynchus keta
Oncorhynchus tshawytscha,158075,Animalia,Chordata,Actinopteri,Salmoniformes,Salmonidae,Oncorhynchus,1,Species,Oncorhynchus tshawytscha
Ophiodon elongatus,240745,Animalia,Chordata,Actinopteri,Perciformes,Hexagrammidae,Ophiodon,1,Species,Ophiodon elongatus
Pagurus brandti,366661,Animalia,Arthropoda,Malacostraca,Decapoda,Paguridae,Pagurus,1,Species,Pagurus brandti
Pagurus ochotensis,366742,Animalia,Arthropoda,Malacostraca,Decapoda,Paguridae,Pagurus,1,Species,Pagurus ochotensis
Pandalus dispar,1337983,Animalia,Arthropoda,Malacostraca,Decapoda,Pandalidae,Pandalopsis,1,Species,Pandalopsis dispar
Pandalus jordani,515469,Animalia,Arthropoda,Malacostraca,Decapoda,Pandalidae,Pandalus,1,Species,Pandalus jordani
Parophrys vetulus,254393,Animalia,Chordata,Actinopteri,Pleuronectiformes,Pleuronectidae,Parophrys,1,Species,Parophrys vetulus
Pasiphaea pacifica,514245,Animalia,Arthropoda,Malacostraca,Decapoda,Pasiphaeidae,Pasiphaea,1,Species,Pasiphaea pacifica
Psettichthys melanostictus,282396,Animalia,Chordata,Actinopteri,Pleuronectiformes,Pleuronectidae,Psettichthys,1,Species,Psettichthys melanostictus
Pycnopodia helianthoides,240764,Animalia,Echinodermata,Asteroidea,Forcipulatida,Asteriidae,Pycnopodia,1,Species,Pycnopodia helianthoides
Beringraja binoculata,1021330,Animalia,Chordata,Elasmobranchii,Rajiformes,Rajidae,Raja,1,Species,Raja binoculata
Beringraja rhina,1461133,Animalia,Chordata,Elasmobranchii,Rajiformes,Rajidae,Raja,1,Species,Raja rhina
Rhinolithodes wosnessenskii,550610,Animalia,Arthropoda,Malacostraca,Decapoda,Lithodidae,Rhinolithodes,1,Species,Rhinolithodes wosnessenskii
Sebastes babcocki,274775,Animalia,Chordata,Actinopteri,Perciformes,Sebastidae,Sebastes,1,Species,Sebastes babcocki
Sebastes ruberrimus,274844,Animalia,Chordata,Actinopteri,Perciformes,Sebastidae,Sebastes,1,Species,Sebastes ruberrimus
Sebastes variegatus,274863,Animalia,Chordata,Actinopteri,Perciformes,Sebastidae,Sebastes,1,Species,Sebastes variegatus
Sebastes zacentrus,274869,Animalia,Chordata,Actinopteri,Perciformes,Sebastidae,Sebastes,1,Species,Sebastes zacentrus
Somniosus pacificus,271654,Animalia,Chordata,Elasmobranchii,Squaliformes,Somniosidae,Somniosus,1,Species,Somniosus pacificus
Squalus acanthias,105923,Animalia,Chordata,Elasmobranchii,Squaliformes,Squalidae,Squalus,1,Species,Squalus acanthias
Strongylocentrotus fragilis,569742,Animalia,Echinodermata,Echinoidea,Camarodonta,Strongylocentrotidae,Strongylocentrotus,1,Species,Strongylocentrotus fragilis
Strongylocentrotus pallidus,124324,Animalia,Echinodermata,Echinoidea,Camarodonta,Strongylocentrotidae,Strongylocentrotus,1,Species,Strongylocentrotus pallidus
Stylasterias forreri,255062,Animalia,Echinodermata,Asteroidea,Forcipulatida,Asteriidae,Stylasterias,1,Species,Stylasterias forreri
Acipenser oxyrinchus,151802,Animalia,Chordata,Actinopteri,Acipenseriformes,Acipenseridae,Acipenser,1,Species,Acipenser oxyrinchus
Alosa aestivalis,158667,Animalia,Chordata,Actinopteri,Clupeiformes,Clupeidae,Alosa,1,Species,Alosa aestivalis
Alosa pseudoharengus,158669,Animalia,Chordata,Actinopteri,Clupeiformes,Clupeidae,Alosa,1,Species,Alosa pseudoharengus
Alosa sapidissima,158670,Animalia,Chordata,Actinopteri,Clupeiformes,Clupeidae,Alosa,1,Species,Alosa sapidissima
Amblyraja radiata,105865,Animalia,Chordata,Elasmobranchii,Rajiformes,Rajidae,Amblyraja,1,Species,Amblyraja radiata
Ammodytes dubius,151520,Animalia,Chordata,Actinopteri,Perciformes,Ammodytidae,Ammodytes,1,Species,Ammodytes dubius
Anarhichas lupus,126758,Animalia,Chordata,Actinopteri,Perciformes,Anarhichadidae,Anarhichas,1,Species,Anarhichas lupus
Antigonia capros,127418,Animalia,Chordata,Actinopteri,Acanthuriformes,Caproidae,Antigonia,1,Species,Antigonia capros
Argentina silus,126715,Animalia,Chordata,Actinopteri,Argentiniformes,Argentinidae,Argentina,1,Species,Argentina silus
Argentina striata,158718,Animalia,Chordata,Actinopteri,Argentiniformes,Argentinidae,Argentina,1,Species,Argentina striata
Aspidophoroides monopterygius,159459,Animalia,Chordata,Actinopteri,Perciformes,Agonidae,Aspidophoroides,1,Species,Aspidophoroides monopterygius
Atlantopandalus propinqvus,158351,Animalia,Arthropoda,Malacostraca,Decapoda,Pandalidae,Atlantopandalus,1,Species,Atlantopandalus propinqvus
Bairdiella chrysoura,159303,Animalia,Chordata,Actinopteri,Eupercaria incertae sedis,Sciaenidae,Bairdiella,1,Species,Bairdiella chrysoura
Bathynectes longispina,394995,Animalia,Arthropoda,Malacostraca,Decapoda,Polybiidae,Bathynectes,1,Species,Bathynectes longispina
Bathypolypus arcticus,140596,Animalia,Mollusca,Cephalopoda,Octopoda,Bathypolypodidae,Bathypolypus,1,Species,Bathypolypus arcticus
Brevoortia tyrannus,158691,Animalia,Chordata,Actinopteri,Clupeiformes,Clupeidae,Brevoortia,1,Species,Brevoortia tyrannus
Brosme brosme,126447,Animalia,Chordata,Actinopteri,Gadiformes,Lotidae,Brosme,1,Species,Brosme brosme
Cancer borealis,158056,Animalia,Arthropoda,Malacostraca,Decapoda,Cancridae,Cancer,1,Species,Cancer borealis
Cancer plebejus,440380,Animalia,Arthropoda,Malacostraca,Decapoda,Cancridae,Cancer,1,Species,Cancer plebejus
Carcharhinus plumbeus,105797,Animalia,Chordata,Elasmobranchii,Carcharhiniformes,Carcharhinidae,Carcharhinus,1,Species,Carcharhinus plumbeus
Centropristis striata,159348,Animalia,Chordata,Actinopteri,Perciformes,Serranidae,Centropristis,1,Species,Centropristis striata
Chaceon quinquedens,158407,Animalia,Arthropoda,Malacostraca,Decapoda,Geryonidae,Chaceon,1,Species,Chaceon quinquedens
Chlorophthalmus agassizi,126336,Animalia,Chordata,Actinopteri,Aulopiformes,Chlorophthalmidae,Chlorophthalmus,1,Species,Chlorophthalmus agassizi
Citharichthys arctifrons,158791,Animalia,Chordata,Actinopteri,Pleuronectiformes,Paralichthyidae,Citharichthys,1,Species,Citharichthys arctifrons
Clupea harengus,126417,Animalia,Chordata,Actinopteri,Clupeiformes,Clupeidae,Clupea,1,Species,Clupea harengus
Conger oceanicus,158566,Animalia,Chordata,Actinopteri,Anguilliformes,Congridae,Conger,1,Species,Conger oceanicus
Crangon septemspinosa,158355,Animalia,Arthropoda,Malacostraca,Decapoda,Crangonidae,Crangon,1,Species,Crangon septemspinosa
Cryptacanthodes maculatus,159675,Animalia,Chordata,Actinopteri,Perciformes,Cryptacanthodidae,Cryptacanthodes,1,Species,Cryptacanthodes maculatus
Cyclopterus lumpus,127214,Animalia,Chordata,Actinopteri,Perciformes,Cyclopteridae,Cyclopterus,1,Species,Cyclopterus lumpus
Cynoscion regalis,159313,Animalia,Chordata,Actinopteri,Eupercaria incertae sedis,Sciaenidae,Cynoscion,1,Species,Cynoscion regalis
Bathytoshia centroura,1017389,Animalia,Chordata,Elasmobranchii,Myliobatiformes,Dasyatidae,Dasyatis,1,Species,Dasyatis centroura
Hypanus say,1042865,Animalia,Chordata,Elasmobranchii,Myliobatiformes,Dasyatidae,Dasyatis,1,Species,Dasyatis say
Dichelopandalus leptocerus,158356,Animalia,Arthropoda,Malacostraca,Decapoda,Pandalidae,Dichelopandalus,1,Species,Dichelopandalus leptocerus
Dipturus laevis,158548,Animalia,Chordata,Elasmobranchii,Rajiformes,Rajidae,Dipturus,1,Species,Dipturus laevis
Enchelyopus cimbrius,126450,Animalia,Chordata,Actinopteri,Gadiformes,Lotidae,Enchelyopus,1,Species,Enchelyopus cimbrius
Foetorepus agassizii,276339,Animalia,Chordata,Actinopteri,Callionymiformes,Callionymidae,Foetorepus,1,Species,Foetorepus agassizii
Gadus morhua,126436,Animalia,Chordata,Actinopteri,Gadiformes,Gadidae,Gadus,1,Species,Gadus morhua
Glyptocephalus cynoglossus,127136,Animalia,Chordata,Actinopteri,Pleuronectiformes,Pleuronectidae,Glyptocephalus,1,Species,Glyptocephalus cynoglossus
Gymnura altavela,105856,Animalia,Chordata,Elasmobranchii,Myliobatiformes,Gymnuridae,Gymnura,1,Species,Gymnura altavela
Helicolenus dactylopterus,127251,Animalia,Chordata,Actinopteri,Perciformes,Sebastidae,Helicolenus,1,Species,Helicolenus dactylopterus
Hemitripterus americanus,159518,Animalia,Chordata,NA,Scorpaeniformes,Hemitripteridae,Hemitripterus,1,Species,Hemitripterus americanus
Hippoglossina oblonga,158833,Animalia,Chordata,Actinopteri,Pleuronectiformes,Paralichthyidae,Hippoglossina,1,Species,Hippoglossina oblonga
Hippoglossoides platessoides,127137,Animalia,Chordata,Actinopteri,Pleuronectiformes,Pleuronectidae,Hippoglossoides,1,Species,Hippoglossoides platessoides
Hippoglossus hippoglossus,127138,Animalia,Chordata,Actinopteri,Pleuronectiformes,Pleuronectidae,Hippoglossus,1,Species,Hippoglossus hippoglossus
Homarus americanus,156134,Animalia,Arthropoda,Malacostraca,Decapoda,Nephropidae,Homarus,1,Species,Homarus americanus
Illex illecebrosus,153087,Animalia,Mollusca,Cephalopoda,Oegopsida,Ommastrephidae,Illex,1,Species,Illex illecebrosus
Lebbeus polaris,107521,Animalia,Arthropoda,Malacostraca,Decapoda,Thoridae,Lebbeus,1,Species,Lebbeus polaris
Lepophidium profundorum,158762,Animalia,Chordata,Actinopteri,Ophidiiformes,Ophidiidae,Lepophidium,1,Species,Lepophidium profundorum
Leucoraja erinacea,158551,Animalia,Chordata,Elasmobranchii,Rajiformes,Rajidae,Leucoraja,1,Species,Leucoraja erinacea
Leucoraja garmani,158552,Animalia,Chordata,Elasmobranchii,Rajiformes,Rajidae,Leucoraja,1,Species,Leucoraja garmani
Leucoraja ocellata,158553,Animalia,Chordata,Elasmobranchii,Rajiformes,Rajidae,Leucoraja,1,Species,Leucoraja ocellata
Limanda ferruginea,158879,Animalia,Chordata,Actinopteri,Pleuronectiformes,Pleuronectidae,Limanda,1,Species,Limanda ferruginea
Limulus polyphemus,150514,Animalia,Arthropoda,Merostomata,Xiphosurida,Limulidae,Limulus,1,Species,Limulus polyphemus
Liparis atlanticus,159524,Animalia,Chordata,Actinopteri,Perciformes,Liparidae,Liparis,1,Species,Liparis atlanticus
Lithodes maja,107205,Animalia,Arthropoda,Malacostraca,Decapoda,Lithodidae,Lithodes,1,Species,Lithodes maja
Lophius americanus,159184,Animalia,Chordata,Actinopteri,Lophiiformes,Lophiidae,Lophius,1,Species,Lophius americanus
Lopholatilus chamaeleonticeps,159406,Animalia,Chordata,Actinopteri,Eupercaria incertae sedis,Malacanthidae,Lopholatilus,1,Species,Lopholatilus chamaeleonticeps
Lumpenus lampretaeformis,154675,Animalia,Chordata,Actinopteri,Perciformes,Stichaeidae,Lumpenus,1,Species,Lumpenus lampretaeformis
Lycenchelys verrillii,159258,Animalia,Chordata,Actinopteri,Perciformes,Zoarcidae,Lycenchelys,1,Species,Lycenchelys verrillii
Macroramphosus scolopax,127378,Animalia,Chordata,Actinopteri,Syngnathiformes,Centriscidae,Macrorhamphosus,1,Species,Macrorhamphosus scolopax
Malacoraja senta,158554,Animalia,Chordata,Elasmobranchii,Rajiformes,Rajidae,Malacoraja,1,Species,Malacoraja senta
Maurolicus weitzmani,158838,Animalia,Chordata,Actinopteri,Stomiiformes,Sternoptychidae,Maurolicus,1,Species,Maurolicus weitzmani
Melanogrammus aeglefinus,126437,Animalia,Chordata,Actinopteri,Gadiformes,Gadidae,Melanogrammus,1,Species,Melanogrammus aeglefinus
Melanostigma atlanticum,127120,Animalia,Chordata,Actinopteri,Perciformes,Zoarcidae,Melanostigma,1,Species,Melanostigma atlanticum
Menidia menidia,159228,Animalia,Chordata,Actinopteri,Atheriniformes,Atherinopsidae,Menidia,1,Species,Menidia menidia
Menticirrhus saxatilis,159329,Animalia,Chordata,Actinopteri,Eupercaria incertae sedis,Sciaenidae,Menticirrhus,1,Species,Menticirrhus saxatilis
Merluccius albidus,158748,Animalia,Chordata,Actinopteri,Gadiformes,Merlucciidae,Merluccius,1,Species,Merluccius albidus
Merluccius bilinearis,158962,Animalia,Chordata,Actinopteri,Gadiformes,Merlucciidae,Merluccius,1,Species,Merluccius bilinearis
Monolene sessilicauda,159213,Animalia,Chordata,Actinopteri,Pleuronectiformes,Bothidae,Monolene,1,Species,Monolene sessilicauda
Morone saxatilis,151179,Animalia,Chordata,Actinopteri,Eupercaria incertae sedis,Moronidae,Morone,1,Species,Morone saxatilis
Myliobatis freminvillei,399783,Animalia,Chordata,Elasmobranchii,Myliobatiformes,Myliobatidae,Myliobatis,1,Species,Myliobatis freminvillii
Myoxocephalus aenaeus,159519,Animalia,Chordata,Actinopteri,Perciformes,Cottidae,Myoxocephalus,1,Species,Myoxocephalus aenaeus
Myoxocephalus octodecemspinosus,159520,Animalia,Chordata,Actinopteri,Perciformes,Cottidae,Myoxocephalus,1,Species,Myoxocephalus octodecemspinosus
Myxine glutinosa,101170,Animalia,Chordata,Myxini,Myxiniformes,Myxinidae,Myxine,1,Species,Myxine glutinosa
Nemichthys scolopaceus,126306,Animalia,Chordata,Actinopteri,Anguilliformes,Nemichthyidae,Nemichthys,1,Species,Nemichthys scolopaceus
Ophidion marginatum,158767,Animalia,Chordata,Actinopteri,Ophidiiformes,Ophidiidae,Ophidion,1,Species,Ophidion marginatum
Osmerus mordax,126737,Animalia,Chordata,Actinopteri,Osmeriformes,Osmeridae,Osmerus,1,Species,Osmerus mordax
Ovalipes ocellatus,158434,Animalia,Arthropoda,Malacostraca,Decapoda,Ovalipidae,Ovalipes,1,Species,Ovalipes ocellatus
Pandalus borealis,107649,Animalia,Arthropoda,Malacostraca,Decapoda,Pandalidae,Pandalus,1,Species,Pandalus borealis
Pandalus montagui,107651,Animalia,Arthropoda,Malacostraca,Decapoda,Pandalidae,Pandalus,1,Species,Pandalus montagui
Paralichthys dentatus,158826,Animalia,Chordata,Actinopteri,Pleuronectiformes,Paralichthyidae,Paralichthys,1,Species,Paralichthys dentatus
Parasudis truculenta,158868,Animalia,Chordata,Actinopteri,Aulopiformes,Chlorophthalmidae,Parasudis,1,Species,Parasudis truculenta
Pasiphaea multidentata,107676,Animalia,Arthropoda,Malacostraca,Decapoda,Pasiphaeidae,Pasiphaea,1,Species,Pasiphaea multidentata
Peprilus triacanthus,159828,Animalia,Chordata,Actinopteri,Perciformes,Stromateidae,Peprilus,1,Species,Peprilus triacanthus
Peristedion miniatum,159550,Animalia,Chordata,Actinopteri,Perciformes,Peristediidae,Peristedion,1,Species,Peristedion miniatum
Petromyzon marinus,101174,Animalia,Chordata,Petromyzonti,Petromyzontiformes,Petromyzontidae,Petromyzon,1,Species,Petromyzon marinus
Phycis chesteri,158988,Animalia,Chordata,Actinopteri,Gadiformes,Phycidae,Phycis,1,Species,Phycis chesteri
Placopecten magellanicus,156972,Animalia,Mollusca,Bivalvia,Pectinida,Pectinidae,Placopecten,1,Species,Placopecten magellanicus
Pollachius virens,126441,Animalia,Chordata,Actinopteri,Gadiformes,Gadidae,Pollachius,1,Species,Pollachius virens
Polymixia lowei,158923,Animalia,Chordata,Actinopteri,Polymixiiformes,Polymixiidae,Polymixia,1,Species,Polymixia lowei
Pomatomus saltatrix,151482,Animalia,Chordata,Actinopteri,Scombriformes,Pomatomidae,Pomatomus,1,Species,Pomatomus saltatrix
Pontophilus norvegicus,107563,Animalia,Arthropoda,Malacostraca,Decapoda,Crangonidae,Pontophilus,1,Species,Pontophilus norvegicus
Prionotus alatus,159570,Animalia,Chordata,Actinopteri,Perciformes,Triglidae,Prionotus,1,Species,Prionotus alatus
Prionotus carolinus,159571,Animalia,Chordata,Actinopteri,Perciformes,Triglidae,Prionotus,1,Species,Prionotus carolinus
Prionotus evolans,159572,Animalia,Chordata,Actinopteri,Perciformes,Triglidae,Prionotus,1,Species,Prionotus evolans
Pseudopleuronectes americanus,158885,Animalia,Chordata,Actinopteri,Pleuronectiformes,Pleuronectidae,Pseudopleuronectes,1,Species,Pseudopleuronectes americanus
Rostroraja eglanteria,1460141,Animalia,Chordata,Elasmobranchii,Rajiformes,Rajidae,Raja,1,Species,Raja eglanteria
Scomber scombrus,127023,Animalia,Chordata,Actinopteri,Scombriformes,Scombridae,Scomber,1,Species,Scomber scombrus
Scophthalmus aquosus,158907,Animalia,Chordata,Actinopteri,Pleuronectiformes,Scophthalmidae,Scophthalmus,1,Species,Scophthalmus aquosus
Scyliorhinus retifer,158516,Animalia,Chordata,Elasmobranchii,Carcharhiniformes,Scyliorhinidae,Scyliorhinus,1,Species,Scyliorhinus retifer
Sebastes fasciatus,127252,Animalia,Chordata,Actinopteri,Perciformes,Sebastidae,Sebastes,1,Species,Sebastes fasciatus
Stenotomus chrysops,159811,Animalia,Chordata,Actinopteri,Eupercaria incertae sedis,Sparidae,Stenotomus,1,Species,Stenotomus chrysops
Synagrops bellus,159584,Animalia,Chordata,Actinopteri,Acropomatiformes,Acropomatidae,Synagrops,1,Species,Synagrops bellus
Syngnathus fuscus,159451,Animalia,Chordata,Actinopteri,Syngnathiformes,Syngnathidae,Syngnathus,1,Species,Syngnathus fuscus
Tautogolabrus adspersus,159785,Animalia,Chordata,Actinopteri,Eupercaria incertae sedis,Labridae,Tautogolabrus,1,Species,Tautogolabrus adspersus
Trachinocephalus myops,158884,Animalia,Chordata,Actinopteri,Aulopiformes,Synodontidae,Trachinocephalus,1,Species,Trachinocephalus myops
Triglops murrayi,127205,Animalia,Chordata,Actinopteri,Perciformes,Cottidae,Triglops,1,Species,Triglops murrayi
Trinectes maculatus,159271,Animalia,Chordata,Actinopteri,Pleuronectiformes,Achiridae,Trinectes,1,Species,Trinectes maculatus
Ulvaria subbifurcata,159821,Animalia,Chordata,Actinopteri,Perciformes,Stichaeidae,Ulvaria,1,Species,Ulvaria subbifurcata
Urophycis chuss,126503,Animalia,Chordata,Actinopteri,Gadiformes,Phycidae,Urophycis,1,Species,Urophycis chuss
Urophycis regia,158991,Animalia,Chordata,Actinopteri,Gadiformes,Phycidae,Urophycis,1,Species,Urophycis regia
Urophycis tenuis,126504,Animalia,Chordata,Actinopteri,Gadiformes,Phycidae,Urophycis,1,Species,Urophycis tenuis
Zenopsis conchifer,127426,Animalia,Chordata,Actinopteri,Zeiformes,Zeidae,Zenopsis,1,Species,Zenopsis conchifera
Zoarces americanus,159267,Animalia,Chordata,Actinopteri,Perciformes,Zoarcidae,Zoarces,1,Species,Zoarces americanus
Alepocephalus bairdii,126682,Animalia,Chordata,Actinopteri,Alepocephaliformes,Alepocephalidae,Alepocephalus,1,Species,Alepocephalus bairdii
Amblyraja jenseni,105864,Animalia,Chordata,Elasmobranchii,Rajiformes,Rajidae,Amblyraja,1,Species,Amblyraja jenseni
Anarhichas denticulatus,126757,Animalia,Chordata,Actinopteri,Perciformes,Anarhichadidae,Anarhichas,1,Species,Anarhichas denticulatus
Arctogadus glacialis,126432,Animalia,Chordata,Actinopteri,Gadiformes,Gadidae,Arctogadus,1,Species,Arctogadus glacialis
Artediellus atlanticus,127193,Animalia,Chordata,Actinopteri,Perciformes,Cottidae,Artediellus,1,Species,Artediellus atlanticus
Artediellus uncinatus,127195,Animalia,Chordata,Actinopteri,Perciformes,Cottidae,Artediellus,1,Species,Artediellus uncinatus
Aspidophoroides olrikii,309268,Animalia,Chordata,Actinopteri,Perciformes,Agonidae,Aspidophoroides,1,Species,Aspidophoroides olrikii
Bathylagus euryops,126719,Animalia,Chordata,Actinopteri,Argentiniformes,Bathylagidae,Bathylagus,1,Species,Bathylagus euryops
Bathyraja richardsoni,105867,Animalia,Chordata,Elasmobranchii,Rajiformes,Arhynchobatidae,Bathyraja,1,Species,Bathyraja richardsoni
Centroscyllium fabricii,105906,Animalia,Chordata,Elasmobranchii,Squaliformes,Etmopteridae,Centroscyllium,1,Species,Centroscyllium fabricii
Ceramaster granularis,124020,Animalia,Echinodermata,Asteroidea,Valvatida,Goniasteridae,Ceramaster,1,Species,Ceramaster granularis
Chiasmodon niger,126840,Animalia,Chordata,Actinopteri,Scombriformes,Chiasmodontidae,Chiasmodon,1,Species,Chiasmodon niger
Coryphaenoides guentheri,158958,Animalia,Chordata,Actinopteri,Gadiformes,Macrouridae,Coryphaenoides,1,Species,Coryphaenoides guentheri
Cottunculus thomsonii,127237,Animalia,Chordata,Actinopteri,Perciformes,Psychrolutidae,Cottunculus,1,Species,Cottunculus thomsonii
Eualus gaimardii,107504,Animalia,Arthropoda,Malacostraca,Decapoda,Thoridae,Eualus,1,Subspecies,Eualus gaimardii gaimardii
Eualus pusiolus,107507,Animalia,Arthropoda,Malacostraca,Decapoda,Thoridae,Eualus,1,Species,Eualus pusiolus
Eumicrotremus spinosus,127217,Animalia,Chordata,Actinopteri,Perciformes,Cyclopteridae,Eumicrotremus,1,Species,Eumicrotremus spinosus
Flabellum (Ulocyathus) macandrewi,135197,Animalia,Cnidaria,Anthozoa,Scleractinia,Flabellidae,Flabellum,1,Species,Flabellum macandrewi
Gymnelus viridis,127096,Animalia,Chordata,Actinopteri,Perciformes,Zoarcidae,Gymnelus,1,Species,Gymnelus viridis
Hyas araneus,107322,Animalia,Arthropoda,Malacostraca,Decapoda,Oregoniidae,Hyas,1,Species,Hyas araneus
Icelus bicornis,127199,Animalia,Chordata,Actinopteri,Perciformes,Cottidae,Icelus,1,Species,Icelus bicornis
Illex coindetii,140621,Animalia,Mollusca,Cephalopoda,Oegopsida,Ommastrephidae,Illex,1,Species,Illex coindetii
Lebbeus groenlandicus,107520,Animalia,Arthropoda,Malacostraca,Decapoda,Thoridae,Lebbeus,1,Species,Lebbeus groenlandicus
Leptagonus decagonus,127191,Animalia,Chordata,Actinopteri,Perciformes,Agonidae,Leptagonus,1,Species,Leptagonus decagonus
Lumpenus fabricii,127073,Animalia,Chordata,Actinopteri,Perciformes,Stichaeidae,Lumpenus,1,Species,Lumpenus fabricii
Lycodes lavalaei,127107,Animalia,Chordata,Actinopteri,Perciformes,Zoarcidae,Lycodes,1,Species,Lycodes lavalaei
Lycodes reticulatus,127112,Animalia,Chordata,Actinopteri,Perciformes,Zoarcidae,Lycodes,1,Species,Lycodes reticulatus
Micromesistius poutassou,126439,Animalia,Chordata,Actinopteri,Gadiformes,Gadidae,Micromesistius,1,Species,Micromesistius poutassou
Myoxocephalus scorpioides,127202,Animalia,Chordata,Actinopteri,Perciformes,Cottidae,Myoxocephalus,1,Species,Myoxocephalus scorpioides
Myoxocephalus scorpius,127203,Animalia,Chordata,Actinopteri,Perciformes,Cottidae,Myoxocephalus,1,Species,Myoxocephalus scorpius
Notacanthus chemnitzii,126643,Animalia,Chordata,Actinopteri,Notacanthiformes,Notacanthidae,Notacanthus,1,Species,Notacanthus chemnitzii
Ophiura robusta,124933,Animalia,Echinodermata,Ophiuroidea,Ophiurida,Ophiuridae,Ophiura,1,Species,Ophiura robusta
Paragorgia arborea,125418,Animalia,Cnidaria,Anthozoa,Alcyonacea,Paragorgiidae,Paragorgia,1,Species,Paragorgia arborea
Pasiphaea princeps,240807,Animalia,Arthropoda,Malacostraca,Decapoda,Pasiphaeidae,Pasiphaea,1,Species,Pasiphaea princeps
Pasiphaea tarda,107678,Animalia,Arthropoda,Malacostraca,Decapoda,Pasiphaeidae,Pasiphaea,1,Species,Pasiphaea tarda
Polyacanthonotus rissoanus,126645,Animalia,Chordata,Actinopteri,Notacanthiformes,Notacanthidae,Polyacanthonotus,1,Species,Polyacanthonotus rissoanus
Poromitra capito,127272,Animalia,Chordata,Actinopteri,Beryciformes,Melamphaidae,Poromitra,1,Species,Poromitra capito
Primnoa resedaeformis,125411,Animalia,Cnidaria,Anthozoa,Alcyonacea,Primnoidae,Primnoa,1,Species,Primnoa resedaeformis
Sabinea sarsii,107566,Animalia,Arthropoda,Malacostraca,Decapoda,Crangonidae,Sabinea,1,Species,Sabinea sarsii
Sabinea septemcarinata,107567,Animalia,Arthropoda,Malacostraca,Decapoda,Crangonidae,Sabinea,1,Species,Sabinea septemcarinata
Sebastes norvegicus,151324,Animalia,Chordata,Actinopteri,Perciformes,Sebastidae,Sebastes,1,Species,Sebastes norvegicus
Eusergestes arcticus,515738,Animalia,Arthropoda,Malacostraca,Decapoda,Sergestidae,Sergestes,1,Species,Sergestes arcticus
Serrivomer beanii,126319,Animalia,Chordata,Actinopteri,Anguilliformes,Serrivomeridae,Serrivomer,1,Species,Serrivomer beanii
Spirontocaris phippsii,107532,Animalia,Arthropoda,Malacostraca,Decapoda,Thoridae,Spirontocaris,1,Species,Spirontocaris phippsii
Stichaeus punctatus,159819,Animalia,Chordata,Actinopteri,Perciformes,Stichaeidae,Stichaeus,1,Species,Stichaeus punctatus
Synaphobranchus kaupii,126328,Animalia,Chordata,Actinopteri,Anguilliformes,Synaphobranchidae,Synaphobranchus,1,Species,Synaphobranchus kaupii
Trisopterus esmarkii,126444,Animalia,Chordata,Actinopteri,Gadiformes,Gadidae,Trisopterus,1,Species,Trisopterus esmarkii
Arctozenus risso,126352,Animalia,Chordata,Actinopteri,Aulopiformes,Paralepididae,Arctozenus,1,Species,Arctozenus risso
Lycodes vahlii,127118,Animalia,Chordata,Actinopteri,Perciformes,Zoarcidae,Lycodes,1,Species,Lycodes vahlii
Nezumia bairdii,183289,Animalia,Chordata,Actinopteri,Gadiformes,Macrouridae,Nezumia,1,Species,Nezumia bairdii
Allosmerus elongatus,279564,Animalia,Chordata,Actinopteri,Osmeriformes,Osmeridae,Allosmerus,1,Species,Allosmerus elongatus
Apristurus brunneus,158512,Animalia,Chordata,Elasmobranchii,Carcharhiniformes,Pentanchidae,Apristurus,1,Species,Apristurus brunneus
Argentina sialis,272897,Animalia,Chordata,Actinopteri,Argentiniformes,Argentinidae,Argentina,1,Species,Argentina sialis
Bathyagonus pentacanthus,254506,Animalia,Chordata,Actinopteri,Perciformes,Agonidae,Bathyagonus,1,Species,Bathyagonus pentacanthus
Chilara taylori,280146,Animalia,Chordata,Actinopteri,Ophidiiformes,Ophidiidae,Chilara,1,Species,Chilara taylori
Citharichthys sordidus,275694,Animalia,Chordata,Actinopteri,Pleuronectiformes,Paralichthyidae,Citharichthys,1,Species,Citharichthys sordidus
Cymatogaster aggregata,280461,Animalia,Chordata,Actinopteri,Ovalentaria incertae sedis,Embiotocidae,Cymatogaster,1,Species,Cymatogaster aggregata
Engraulis mordax,272286,Animalia,Chordata,Actinopteri,Clupeiformes,Engraulidae,Engraulis,1,Species,Engraulis mordax
Eopsetta jordani,280690,Animalia,Chordata,Actinopteri,Pleuronectiformes,Pleuronectidae,Eopsetta,1,Species,Eopsetta jordani
Genyonemus lineatus,280830,Animalia,Chordata,Actinopteri,Eupercaria incertae sedis,Sciaenidae,Genyonemus,1,Species,Genyonemus lineatus
Hydrolagus colliei,271406,Animalia,Chordata,Holocephali,Chimaeriformes,Chimaeridae,Hydrolagus,1,Species,Hydrolagus colliei
Icelinus filamentosus,281136,Animalia,Chordata,Actinopteri,Perciformes,Cottidae,Icelinus,1,Species,Icelinus filamentosus
Doryteuthis opalescens,574540,Animalia,Mollusca,Cephalopoda,Myopsida,Loliginidae,Loligo,1,Species,Loligo opalescens
Luidia foliolata,368114,Animalia,Echinodermata,Asteroidea,Paxillosida,Luidiidae,Luidia,1,Species,Luidia foliolata
Lycodes cortezianus,274097,Animalia,Chordata,Actinopteri,Perciformes,Zoarcidae,Lycodes,1,Species,Lycodes cortezianus
Lycodes pacificus,274116,Animalia,Chordata,Actinopteri,Perciformes,Zoarcidae,Lycodes,1,Species,Lycodes pacificus
Mediaster aequalis,242160,Animalia,Echinodermata,Asteroidea,Valvatida,Goniasteridae,Mediaster,1,Species,Mediaster aequalis
Merluccius productus,272458,Animalia,Chordata,Actinopteri,Gadiformes,Merlucciidae,Merluccius,1,Species,Merluccius productus
Metacarcinus magister,440388,Animalia,Arthropoda,Malacostraca,Decapoda,Cancridae,Metacarcinus,1,Species,Metacarcinus magister
Metridium dianthus,158251,Animalia,Cnidaria,Anthozoa,Actiniaria,Metridiidae,Metridium,1,Species,Metridium dianthus
Pandalus platyceros,423632,Animalia,Arthropoda,Malacostraca,Decapoda,Pandalidae,Pandalus,1,Species,Pandalus platyceros
Peprilus simillimus,276563,Animalia,Chordata,Actinopteri,Perciformes,Stromateidae,Peprilus,1,Species,Peprilus simillimus
Pisaster brevispinus,240757,Animalia,Echinodermata,Asteroidea,Forcipulatida,Asteriidae,Pisaster,1,Species,Pisaster brevispinus
Pleurobranchaea californica,367819,Animalia,Mollusca,Gastropoda,Pleurobranchida,Pleurobranchaeidae,Pleurobranchaea,1,Species,Pleurobranchaea californica
Pleuronichthys decurrens,282292,Animalia,Chordata,Actinopteri,Pleuronectiformes,Pleuronectidae,Pleuronichthys,1,Species,Pleuronichthys decurrens
Pleuronichthys verticalis,282295,Animalia,Chordata,Actinopteri,Pleuronectiformes,Pleuronectidae,Pleuronichthys,1,Species,Pleuronichthys verticalis
Porichthys notatus,275658,Animalia,Chordata,Actinopteri,Batrachoidiformes,Batrachoididae,Porichthys,1,Species,Porichthys notatus
Beringraja inornata,1461134,Animalia,Chordata,Elasmobranchii,Rajiformes,Rajidae,Raja,1,Species,Raja inornata
Rathbunaster californicus,254844,Animalia,Echinodermata,Asteroidea,Forcipulatida,Asteriidae,Rathbunaster,1,Species,Rathbunaster californicus
Sebastes brevispinis,274778,Animalia,Chordata,Actinopteri,Perciformes,Sebastidae,Sebastes,1,Species,Sebastes brevispinis
Sebastes chlorostictus,274781,Animalia,Chordata,Actinopteri,Perciformes,Sebastidae,Sebastes,1,Species,Sebastes chlorostictus
Sebastes crameri,274785,Animalia,Chordata,Actinopteri,Perciformes,Sebastidae,Sebastes,1,Species,Sebastes crameri
Sebastes diploproa,274787,Animalia,Chordata,Actinopteri,Perciformes,Sebastidae,Sebastes,1,Species,Sebastes diploproa
Sebastes elongatus,274788,Animalia,Chordata,Actinopteri,Perciformes,Sebastidae,Sebastes,1,Species,Sebastes elongatus
Sebastes entomelas,274791,Animalia,Chordata,Actinopteri,Perciformes,Sebastidae,Sebastes,1,Species,Sebastes entomelas
Sebastes flavidus,274795,Animalia,Chordata,Actinopteri,Perciformes,Sebastidae,Sebastes,1,Species,Sebastes flavidus
Sebastes goodei,274798,Animalia,Chordata,Actinopteri,Perciformes,Sebastidae,Sebastes,1,Species,Sebastes goodei
Sebastes helvomaculatus,274799,Animalia,Chordata,Actinopteri,Perciformes,Sebastidae,Sebastes,1,Species,Sebastes helvomaculatus
Sebastes jordani,274806,Animalia,Chordata,Actinopteri,Perciformes,Sebastidae,Sebastes,1,Species,Sebastes jordani
Sebastes paucispinis,274833,Animalia,Chordata,Actinopteri,Perciformes,Sebastidae,Sebastes,1,Species,Sebastes paucispinis
Sebastes pinniger,274836,Animalia,Chordata,Actinopteri,Perciformes,Sebastidae,Sebastes,1,Species,Sebastes pinniger
Sebastes proriger,274838,Animalia,Chordata,Actinopteri,Perciformes,Sebastidae,Sebastes,1,Species,Sebastes proriger
Sebastes reedi,274840,Animalia,Chordata,Actinopteri,Perciformes,Sebastidae,Sebastes,1,Species,Sebastes reedi
Sebastes saxicola,274848,Animalia,Chordata,Actinopteri,Perciformes,Sebastidae,Sebastes,1,Species,Sebastes saxicola
Sebastes semicinctus,274851,Animalia,Chordata,Actinopteri,Perciformes,Sebastidae,Sebastes,1,Species,Sebastes semicinctus
Sebastes wilsoni,274868,Animalia,Chordata,Actinopteri,Perciformes,Sebastidae,Sebastes,1,Species,Sebastes wilsoni
Tetronarce californica,845703,Animalia,Chordata,Elasmobranchii,Torpediniformes,Torpedinidae,Torpedo,1,Species,Torpedo californica
Trachurus symmetricus,273305,Animalia,Chordata,Actinopteri,Carangiformes,Carangidae,Trachurus,1,Species,Trachurus symmetricus
Xeneretmus latifrons,283171,Animalia,Chordata,Actinopteri,Perciformes,Agonidae,Xeneretmus,1,Species,Xeneretmus latifrons
Zalembius rosaceus,283202,Animalia,Chordata,Actinopteri,Ovalentaria incertae sedis,Embiotocidae,Zalembius,1,Species,Zalembius rosaceus
Zaniolepis latipinnis,283209,Animalia,Chordata,Actinopteri,Perciformes,Hexagrammidae,Zaniolepis,1,Species,Zaniolepis latipinnis
Acanthostracion quadricornis,158920,Animalia,Chordata,Actinopteri,Tetraodontiformes,Ostraciidae,Acanthostracion,1,Species,Acanthostracion quadricornis
Alectis ciliaris,159629,Animalia,Chordata,Actinopteri,Carangiformes,Carangidae,Alectis,1,Species,Alectis ciliaris
Aluterus schoepfii,159490,Animalia,Chordata,Actinopteri,Tetraodontiformes,Monacanthidae,Aluterus,1,Species,Aluterus schoepfii
Bagre marinus,158713,Animalia,Chordata,Actinopteri,Siluriformes,Ariidae,Bagre,1,Species,Bagre marinus
Calamus leucosteus,275970,Animalia,Chordata,Actinopteri,Eupercaria incertae sedis,Sparidae,Calamus,1,Species,Calamus leucosteus
Calappa flammea,158052,Animalia,Arthropoda,Malacostraca,Decapoda,Calappidae,Calappa,1,Species,Calappa flammea
Callinectes ornatus,158053,Animalia,Arthropoda,Malacostraca,Decapoda,Portunidae,Callinectes,1,Species,Callinectes ornatus
Carcharhinus acronotus,158508,Animalia,Chordata,Elasmobranchii,Carcharhiniformes,Carcharhinidae,Carcharhinus,1,Species,Carcharhinus acronotus
Carcharhinus limbatus,105793,Animalia,Chordata,Elasmobranchii,Carcharhiniformes,Carcharhinidae,Carcharhinus,1,Species,Carcharhinus limbatus
Caretta caretta,137205,Animalia,Chordata,NA,Testudines,Cheloniidae,Caretta,1,Species,Caretta caretta
Chilomycterus schoepfii,159488,Animalia,Chordata,Actinopteri,Tetraodontiformes,Diodontidae,Chilomycterus,1,Species,Chilomycterus schoepfii
Hypanus americanus,1042856,Animalia,Chordata,Elasmobranchii,Myliobatiformes,Dasyatidae,Dasyatis,1,Species,Dasyatis americana
Dyspanopeus sayi,107412,Animalia,Arthropoda,Malacostraca,Decapoda,Panopeidae,Dyspanopeus,1,Species,Dyspanopeus sayi
Echeneis naucrates,126848,Animalia,Chordata,Actinopteri,Carangiformes,Echeneidae,Echeneis,1,Species,Echeneis naucrates
Etropus cyclosquamus,158800,Animalia,Chordata,Actinopteri,Pleuronectiformes,Paralichthyidae,Etropus,1,Species,Etropus cyclosquamus
Gibbesia neglecta,409251,Animalia,Arthropoda,Malacostraca,Stomatopoda,Squillidae,Gibbesia,1,Species,Gibbesia neglecta
Gymnura micrura,158529,Animalia,Chordata,Elasmobranchii,Myliobatiformes,Gymnuridae,Gymnura,1,Species,Gymnura micrura
Hippocampus erectus,159445,Animalia,Chordata,Actinopteri,Syngnathiformes,Syngnathidae,Hippocampus,1,Species,Hippocampus erectus
Hypleurochilus geminatus,159602,Animalia,Chordata,Actinopteri,Blenniiformes,Blenniidae,Hypleurochilus,1,Species,Hypleurochilus geminatus
Menippe mercenaria,422070,Animalia,Arthropoda,Malacostraca,Decapoda,Menippidae,Menippe,1,Species,Menippe mercenaria
Menticirrhus littoralis,159327,Animalia,Chordata,Actinopteri,Eupercaria incertae sedis,Sciaenidae,Menticirrhus,1,Species,Menticirrhus littoralis
Mobula hypostoma,158530,Animalia,Chordata,Elasmobranchii,Myliobatiformes,Myliobatidae,Mobula,1,Species,Mobula hypostoma
Pagurus pollicaris,366751,Animalia,Arthropoda,Malacostraca,Decapoda,Paguridae,Pagurus,1,Species,Pagurus pollicaris
Paralichthys albigutta,158825,Animalia,Chordata,Actinopteri,Pleuronectiformes,Paralichthyidae,Paralichthys,1,Species,Paralichthys albigutta
Paralichthys squamilentus,158827,Animalia,Chordata,Actinopteri,Pleuronectiformes,Paralichthyidae,Paralichthys,1,Species,Paralichthys squamilentus
Persephona mediterranea,158443,Animalia,Arthropoda,Malacostraca,Decapoda,Leucosiidae,Persephona,1,Species,Persephona mediterranea
Pilumnus sayi,422105,Animalia,Arthropoda,Malacostraca,Decapoda,Pilumnidae,Pilumnus,1,Species,Pilumnus sayi
Rachycentron canadum,127006,Animalia,Chordata,Actinopteri,Carangiformes,Rachycentridae,Rachycentron,1,Species,Rachycentron canadum
Pseudobatos lentiginosus,1043479,Animalia,Chordata,Elasmobranchii,Rhinopristiformes,Rhinobatidae,Rhinobatos,1,Species,Rhinobatos lentiginosus
Rhinoptera bonasus,158544,Animalia,Chordata,Elasmobranchii,Myliobatiformes,Myliobatidae,Rhinoptera,1,Species,Rhinoptera bonasus
Selene vomer,159649,Animalia,Chordata,Actinopteri,Carangiformes,Carangidae,Selene,1,Species,Selene vomer
Sphoeroides maculatus,158934,Animalia,Chordata,Actinopteri,Tetraodontiformes,Tetraodontidae,Sphoeroides,1,Species,Sphoeroides maculatus
Sphyrna lewini,105816,Animalia,Chordata,Elasmobranchii,Carcharhiniformes,Sphyrnidae,Sphyrna,1,Species,Sphyrna lewini
Sphyrna tiburo,158517,Animalia,Chordata,Elasmobranchii,Carcharhiniformes,Sphyrnidae,Sphyrna,1,Species,Sphyrna tiburo
Trachinotus carolinus,159652,Animalia,Chordata,Actinopteri,Carangiformes,Carangidae,Trachinotus,1,Species,Trachinotus carolinus
Xiphopenaeus kroyeri,377690,Animalia,Arthropoda,Malacostraca,Decapoda,Penaeidae,Xiphopenaeus,1,Species,Xiphopenaeus kroyeri
Cheiraster (Luidiaster) dawsoni,380798,Animalia,Echinodermata,Asteroidea,Notomyotida,Benthopectinidae,Cheiraster,1,Species,Cheiraster
Arctozenus risso kroyeri,126352,Animalia,Chordata,Teleostei,Aulopiformes,Paralepididae,Arctozenus,1,Species,Arctozenus risso kroyeri
